Transformer_Temp,Load_Rate,Weather_Temp,Fault_Target
76.21780831931537,52.959305018703375,27.85117051207718,0
116.55000144869413,77.93306631648507,27.409363972159994,0
101.23957592679835,101.10620851134857,47.1876374156311,1
91.90609389379256,91.25574204866928,27.486385995485183,0
60.921304830970556,96.45928035030148,28.158491783858928,0
60.91961642353419,86.11483566975022,42.78194787253891,0
54.06585285177396,88.45935951624966,33.4921952735162,0
110.63233020424546,99.44369560957236,43.301316708655435,1
92.07805082202461,57.47676062014301,21.960984726931557,0
99.56508044572318,74.25974745501983,34.62713581020153,0
51.44091460070617,55.484660927372154,21.008408005498477,0
117.8936896513396,109.13676055976529,21.879596103660635,1
108.27098485602951,106.08415377806293,47.19312360033233,1
64.86373774747933,42.759876795795414,24.177361133527853,0
62.72774770449704,89.3902620760982,35.972620468256515,0
62.83831568974037,104.7673822190966,32.33286807802119,0
71.29695700716763,52.64027415891334,30.42029978776528,0
86.73295021425665,79.75616613868407,46.99500037061817,0
80.2361513049481,104.08418083116293,20.654701903264684,0
70.38603981386294,42.37621850100592,39.91369058526767,0
92.82970263056657,88.8194187072788,48.901833026406514,0
59.76457024564293,60.81443051607855,36.805045503855254,0
70.45012539746527,104.70773367635712,48.104673860992754,0
75.64532903055841,107.97407716157575,21.56773637858071,0
81.92489889519251,106.09865423794038,32.56379957222484,0
104.96231729751095,73.19499516602247,27.804733728861535,0
63.97716475108518,100.34298556925194,41.924628949421894,0
85.9964106889528,99.11845789745493,49.4389127149174,0
91.46901982034296,62.337033127027894,27.695901873327436,0
53.25152889039984,98.02408319054742,39.62523804422223,0
92.5281396331007,42.59053443008448,25.942928982792203,0
61.936688658110405,81.73889149374372,36.9599076371483,0
54.55361150896957,56.100618610139215,33.91797460065008,0
116.42198760773333,48.43968200440952,49.16015988894611,0
117.59424231521916,45.38672411404464,38.255818180893996,0
106.58781436815228,88.74021431146979,30.485191162604565,0
71.32296384213595,63.791247463764634,23.422873546638,0
56.83704798044687,90.73367400701329,24.537404862048035,0
97.89631185585098,44.574943855925966,26.759507898537052,0
80.81067456177209,62.07032364814272,27.52899984020894,0
58.54267643913452,77.7643904662736,45.51848173523413,0
84.6623837077889,95.35062153872744,36.83668364847575,0
52.40719647806529,62.312675205244894,35.70172734123099,0
113.65242814551475,83.81239635059063,23.443066156076526,0
68.11459871200118,102.0184423765331,45.80419080048305,0
96.37655990477873,83.11042317276133,41.68442909625451,0
71.81977532625876,56.30716323275436,22.03005085700005,0
86.40476148244676,41.70805470895766,41.23505291689306,0
88.26971955402958,100.90692117306509,36.306146520279384,0
62.93981188678689,41.4888587595271,22.45176037240335,0
117.8709239435191,101.22911708789397,33.74901924585969,1
104.25929763527802,77.02559938190484,34.54088861390141,0
115.76492590949324,105.73473889590274,24.97323620489827,1
112.63791452993541,95.91482650415658,48.37094441000847,1
91.85299851677595,109.85538773733363,45.49926114441986,0
114.53119645161817,64.54982708161971,40.07067011987325,0
56.194475143634364,93.70318022517888,33.86886683001822,0
63.718800369340165,68.13516395264695,32.35296624753526,0
53.16591022373766,73.59129342127362,39.529204014528624,0
72.7731231534285,83.9253824252859,36.36295608220716,0
77.20741027826374,101.15739799304372,21.86819317645657,0
68.99443222417271,108.88584284395066,35.375079463109955,0
108.01162564063506,93.77913897051627,44.192108516985186,1
74.97273286855125,69.24367475171337,33.77719632790874,0
69.66541567811666,69.49499015939492,21.558697326628053,0
87.9887258210774,91.6307611112224,43.588345981520995,0
59.86469574823339,56.71440020378117,26.04091346407923,0
106.15378865278278,47.733187919197626,27.758625046641164,0
55.21854505758396,64.82355103485436,24.941190602968877,0
119.08208556203621,60.10672941578572,29.906451946144927,0
104.05713385076602,60.741568431919305,42.70254517065905,0
63.91009770739207,56.35254257349369,35.58157578511812,0
50.386548198652164,42.946523274545335,26.146438224521376,0
107.0822999918384,41.251175431338964,46.33490234456123,0
99.48001406933321,109.14056728152221,46.387455648545874,1
101.03050176286911,69.94411936151036,46.11735275138021,0
103.9889242680162,66.90286530117771,27.16388634144618,0
55.183125621386324,87.57530978851489,33.537180325429645,0
75.09260099809909,55.27777215055449,49.54968968422625,0
58.110834166759076,106.49728287651577,43.16037428929971,0
110.41723981129155,95.04415100908864,20.815022636766795,1
93.63086887792906,46.258770161858166,21.95613773781476,0
73.16286173968544,69.23065430494498,33.91794130436998,0
54.44908452002166,101.53828152935154,47.27660617584681,0
71.76876252009635,106.13124156039872,36.161053938581425,0
72.76283254187229,72.71810578749088,34.934375241028704,0
101.07243248366449,82.93879724474954,23.164210998698916,0
94.62902299486493,51.69237622644526,39.70340314172882,0
112.10489198034286,109.38180382958836,44.66309481800677,1
83.05504476133646,56.21701909684104,31.412600225226868,0
58.37159721568112,105.99122418945879,43.26835552775982,0
99.92713510560965,85.4752654294658,48.93429961702435,0
103.25495340318282,82.54157564152014,26.112993773830674,0
89.28940382986474,75.88819577115561,35.69988893584224,0
103.96770259681927,56.14688682024311,28.614138742537264,0
84.56569174550735,52.35696224038558,43.785632571015185,0
86.59129805673959,55.43403463491227,37.32780097643473,0
79.92787128509848,53.05067835009782,39.03747252650911,0
51.77933887208666,94.57091314967273,43.93742478847682,0
57.552399889531316,64.50876814167111,31.879114179873646,0
52.200042998071396,44.048987359437746,47.45270205221129,0
94.54872878846463,107.83718410985679,35.9908660173842,0
72.00491867534286,101.8650119474398,24.73864468506044,0
85.5999483815292,104.94265982366491,40.876973545064075,0
113.5296531748265,109.64354758525047,43.797840513147634,1
67.45045604042124,52.17266744536411,29.5028503120258,0
78.72680461249408,67.73694132318612,45.71537770996259,0
102.88857969801342,93.07669329928639,47.18429764297299,1
66.01587158441357,88.72144326376545,28.307134621334267,0
55.38859368801551,50.772713443789854,49.50564418145666,0
70.28260170396376,97.10831874934325,24.221345841462753,0
61.285490107780305,55.710840028566246,26.0604700520747,0
115.07883566398012,55.667233037583614,25.526745177140782,0
106.56842656950919,77.58820960253895,46.819691300236116,0
94.33826295572965,81.50579543891922,39.62877656974885,0
111.00224131314025,80.60603454864679,24.563128496668185,0
106.257045382938,46.40407861784284,33.20970255105047,0
63.05990412202251,101.42226038412662,38.458940752094065,0
112.47912989429844,58.592002981209426,22.503922549681498,0
87.75395693409556,49.06604448979629,46.472491052220164,0
106.52081086148438,102.2123655908284,44.108106063246055,1
112.72639099464453,106.89560487608274,35.15620320729914,1
72.26024324803046,100.34893320858154,49.01379845777511,0
57.70363471693737,96.66612523074147,32.53282937825299,0
65.95546137793592,85.86693864473152,49.523309571094934,0
79.89754520383795,78.56001594263975,40.03759996410881,0
107.26103361457452,46.08907319379871,39.04013819761825,0
110.25114082794404,68.59172491494891,24.97864685887355,0
50.48664913718335,66.08819619086198,46.45783274913932,0
85.7523111804296,58.182764863222836,32.82469063761845,0
79.21877022041453,90.63940795820095,24.867002173474383,0
65.54754673295112,74.71130145551396,20.37822559927277,0
58.3905757133578,45.673235113535355,36.79267050915148,0
73.63306199825396,55.41282413648679,35.82198866368029,0
116.00367927387634,87.8281134561717,41.580608671074756,0
72.62420524145287,45.32916016432101,46.70774159053406,0
86.31534352203562,99.5844839834138,22.382197539290885,0
99.21132712266245,74.6602568909782,41.944894710210875,0
75.45407216655057,73.64106041286536,25.622358322927468,0
118.02474579046725,81.46854492616623,45.74531159471492,0
117.37131064594779,97.72766761476043,44.571905415849685,1
67.6247607077755,64.34664455315351,36.22381264956633,0
84.80739541246697,87.46113067913444,41.307283958699344,0
71.06148168717388,79.60123747970538,29.430503395512453,0
69.93883460642273,58.69197891185949,34.13503696798444,0
52.582086314817296,101.50409904486105,44.64910693131415,0
92.66950337859278,95.81982151248496,33.777955915196415,0
85.1875316260203,86.09162842608978,30.733947959763256,0
53.60351258749925,99.54072103659693,34.826373417509,0
69.5052524965628,100.71059406718616,44.84747757311655,0
113.57861201766576,89.58540837005243,30.05624142112618,0
66.76933234668807,98.59093298545704,25.212847794072314,0
60.14264104638562,88.82300231684985,41.36042060992342,0
84.26169321942942,87.60985402322103,44.779346381242455,0
118.99553178774205,83.3027964750629,23.019124355706,0
66.94386900580503,92.69016476903488,27.19622338267834,0
97.0494883184115,51.10235737051516,24.25915969282982,0
103.31337307301024,101.66095314392498,30.438242347465,1
66.63462807946797,101.02904694216625,33.51052936716238,0
100.97514440283017,42.047309812419144,42.464790108899194,0
75.74481929034772,97.80717253953338,39.534427546450225,0
94.26140814155056,49.020890723141164,38.627857024352934,0
94.34707975326262,63.45831979813993,30.571248398289633,0
87.50422788523309,92.04557794041254,45.2434265925428,0
56.32028390380858,51.253192723381574,34.138615021944936,0
108.47117469124666,97.25769168833435,49.37314814045463,1
72.4546045480215,98.24939245704194,39.024264148872106,0
63.0562957279898,75.52274136325853,23.78794224693508,0
52.85425990883348,40.44701102017835,40.28532686226302,0
91.36250602317693,60.09266932224389,29.753120462950967,0
97.42950532895978,83.18488428630195,40.58981590058292,0
51.16114802494993,108.68303246191964,22.089234444872172,0
85.84651408094967,84.22694689116679,25.24644311527878,0
65.85470426385565,58.186250674491184,45.67211776717359,0
95.1620953286615,84.38039921697279,26.815386710705447,0
62.2056500303494,77.79897658010988,45.111233757288204,0
98.36564166717261,94.58917766058005,28.37828265363231,1
77.07147424103762,47.48864471788709,39.28645730176123,0
115.57109921157142,93.27195317514196,40.82451720529493,1
59.62646609021952,77.88866050732773,35.37964259435159,0
73.8746445735181,107.40944027012962,29.15932030090194,0
57.943146486841236,63.931051622708026,26.379331291132885,0
114.7285532794994,84.28353251937637,20.995680636872788,0
111.41375473666866,105.24196738570123,29.118392037221714,1
68.05591394006089,47.175680959347545,39.594883715938494,0
96.19888322239254,105.60599410655158,48.14914455345448,1
107.20555401408511,88.15200056105694,46.136134467891566,0
88.86405681196237,44.74859413736203,42.98194329605908,0
87.07554048492045,61.067449686277136,43.653420297598956,0
66.92966036303162,89.57204620516971,39.94954710427986,0
56.51719374641294,44.71454210281402,27.80860572698009,0
112.80510305673288,80.75193221233913,47.21585092117489,0
113.02926400143313,64.21181398670697,40.12196935717502,0
94.31710200912875,83.4640862437234,36.813218929413196,0
73.73208537340905,43.2019423668759,23.329684076404433,0
74.44467022288626,101.00757643066635,33.411666314192765,0
100.81689752091675,108.14422784241778,33.81074813605779,1
112.79771819668039,107.8214498699984,45.936908285680104,1
112.0960496985582,92.47562822200473,36.399446605633656,1
104.59128821003367,49.106036809144236,31.412016469112288,0
94.94221523080014,93.07842371503159,49.30400985531978,0
55.889797549653416,41.721084152116106,23.321617799789472,0
61.31400998662296,41.548648607029804,32.67645284935834,0
112.89879319689555,62.652715340467886,21.26074025514216,0
92.4500341761713,74.2050233283266,42.19712362300791,0
50.64379361316408,93.92851924654553,47.54229656597452,0
57.103008000622246,87.83067636245536,28.401119886514685,0
96.4451238375639,71.21318944637238,45.75025030397363,0
50.354310869235306,59.15386663971661,28.766546913856935,0
61.256563599224904,109.79871501103977,47.32310484931746,0
88.41136525566102,69.83269115651811,42.61885710790352,0
98.43266383848854,71.59709170307728,44.14720330524316,0
95.63728816518204,51.453667483416844,20.540196668013635,0
65.69885166223918,95.63666841249506,48.88431071222078,0
99.8525454943275,88.55775580470421,41.8001297621097,0
66.607436124776,55.45387289521322,29.142532861584,0
72.77797887114875,45.766673193108986,44.88183994576541,0
102.25439835826168,87.63495114522992,28.445635952447898,0
95.47430293330503,85.81578499967947,46.18261518698384,0
109.44563873459245,59.12816688987465,23.37741171235811,0
96.03290246102404,106.56044935752873,41.11057932382387,1
89.78160223348301,50.574052424663016,36.22095429934731,0
56.55723374796647,70.26343607298213,22.896034105863222,0
75.74010621416035,106.05311441173193,27.25681484776517,0
68.56416573772078,69.38091218482856,20.372121088319442,0
67.07927503653585,84.696816336486,34.06303896393517,0
118.11073883267119,67.8316078573956,29.03795782280001,0
77.51684072667322,59.1950641644069,37.95072452893277,0
112.44325886239793,108.87843535718798,28.917134231258515,1
94.1797038198084,68.65338044205302,28.99757334520954,0
105.6367912479154,102.58694425753941,42.2957959619481,1
85.18459651736345,56.09682241237603,21.444285079350603,0
90.38327192384514,54.91732928175583,47.08684985575962,0
84.47623856732048,42.17938580191579,45.567916231735445,0
63.66700914586312,85.61667777631195,40.03414049679219,0
100.57164806830536,65.79684406066328,37.79664710322153,0
69.65406537085991,100.50507748877459,46.76907494418957,0
51.70211765020177,73.12469346840899,25.559905385861434,0
95.18306071350175,107.77353995403053,22.36907486572486,1
62.39774755849343,52.98678609921848,27.185305097286143,0
115.832100904704,100.80362175689275,43.83734836100571,1
116.77500039018112,94.36177969542192,21.0401080017945,1
114.0405073154314,93.96452912508364,37.48420505250469,1
75.9111090178811,99.13482596818213,49.8631254857393,0
51.08196315702072,93.27167936600992,45.670882815126184,0
114.98229938114078,83.83542251419908,35.643370671307686,0
79.972890382212,49.18714143776713,21.90922727859927,0
117.66583733305687,42.27683256438763,44.94120543157129,0
117.45339839624769,104.45934934709808,37.969355245316315,1
109.71066188271521,83.16552201645166,23.447989911787005,0
70.611422444871,95.75761036833234,22.815718544700687,0
76.95684100213477,73.7065646058785,47.28880458309777,0
109.57956700617999,48.211573227367616,40.07600788814236,0
72.18454036093944,48.76300545417853,44.87860397950267,0
61.864492268026474,87.989570106028,46.36936700846802,0
88.97608837208452,70.12141264296238,37.15317056144967,0
115.53083419125467,54.03673086902357,35.523390552651236,0
98.7220857672481,74.41161827190058,32.9128223096297,0
89.90428190625555,44.494625595259386,29.50839763373358,0
56.8023545639538,80.73799813400791,33.037878825761354,0
93.05050586894188,58.82953831045684,43.21638967190469,0
119.30376950729843,95.82913704460317,38.05770293045394,1
59.80588106655668,61.72533712465017,46.775698698645385,0
86.28307566546158,71.86541043572609,33.30140043137563,0
111.41611503495687,40.81343779356705,38.21268736156262,0
101.85380324279431,45.07128214561912,38.93922659275966,0
98.79110186966875,67.47454894846794,37.75091486918977,0
99.17388587909764,73.59571843019864,41.07901319256549,0
75.16438058538286,82.00143836835126,27.123004051244187,0
70.55142909851453,60.416380509651226,35.37091332637372,0
106.65528088349595,88.64873202885798,23.12674408425043,0
106.70793762754266,100.20856780324432,31.535339829344377,1
110.69506230060726,94.5895692225345,34.63001205863793,1
113.92683867895299,42.773317774385,39.566727786364176,0
85.79396792026564,73.63548630804803,48.5159315775861,0
85.10614062810397,47.34511248927224,38.01953199645068,0
105.88066252767426,56.943151110376924,42.307817485296795,0
95.49747515444356,109.06638152870025,35.187981784856085,1
99.13768140803924,49.974688003105925,39.02312094128994,0
105.70548686052707,74.92217074159493,22.127966484013204,0
112.30037392722964,83.27090140226834,27.63174742525541,0
73.65966097960751,89.17254793808728,30.855592796154163,0
76.29080668479608,79.17540784408399,34.17480065019541,0
56.57873578886083,40.683959319342854,21.369462365071513,0
90.47960986973217,62.85229157707943,24.200722926599532,0
52.515959165771946,76.2398150369298,28.30442923373917,0
82.59186126927221,46.15065494013834,49.14598072703152,0
87.98512442953037,64.54388518464265,29.940410213091525,0
70.05788764897991,42.32421761539566,34.461231743362475,0
91.35832823983075,45.500494800851456,25.88293138215179,0
52.13501749573346,67.78462933411173,38.323402132273046,0
52.61437321244501,49.29010278301423,28.42049646547923,0
107.58203924617608,79.72785937830906,26.209777353152802,0
75.2133448987884,88.2625478396086,35.497178853379374,0
58.894235885631936,96.0410689376358,20.165173974812625,0
86.5570282038363,54.010517097136706,20.22992097947676,0
103.89954871690276,51.72378075813488,26.572064273055734,0
65.10747192477902,47.31974882340802,21.101640875024636,0
93.60233330733001,84.55011746805457,23.24077262392074,0
55.97432254956376,89.45330085408308,30.165819480162547,0
53.617720481802536,42.21103013779494,44.07757038739439,0
87.19482420977036,105.53485723705829,37.16145930107902,0
87.84445851270746,43.63798985560307,35.38003177869249,0
94.62009310487446,77.89074347107493,28.80466469624365,0
100.82639336058631,89.63423636156415,47.95261158298449,0
118.30964556237743,100.967838662226,31.91045123711575,1
86.14102438108367,89.98608524926995,22.612783003873144,0
72.60695310588721,96.12096581488544,38.51199548353404,0
105.66303363380925,63.761513477996424,23.41515180429804,0
68.95825758834519,97.03775796225585,30.35669428405076,0
80.72799944939453,45.60803924692726,35.22235816153427,0
55.49194669395862,102.63716592423694,46.22667574055527,0
51.774552039082025,78.33146633076154,34.80639741020356,0
117.38538902745475,97.21084389737456,41.06776298094993,1
108.51860843585442,71.66227991628101,49.78450516997211,0
98.71819442655885,85.05043866375675,23.94467359693945,0
78.62670610899889,76.84818626552791,28.241945765585584,0
62.130602404959205,91.21126652287323,31.837282267929393,0
60.95059298697602,45.71409874214127,32.65484535616494,0
67.51700287152167,44.22464587933946,32.33063225796637,0
88.44586652942843,57.29722638071025,47.22833007669665,0
100.02171458900436,51.16812760792318,41.42097933400569,0
96.21381637024119,101.02484966145411,38.237156422721114,1
69.595372786216,55.344979115063104,29.281181535883462,0
116.84056964642359,108.31056790733919,44.71371152663884,1
101.65278416870379,63.58270542397748,48.65181534454967,0
88.80478367579805,52.748254098208946,44.6359484765068,0
92.82045223640466,95.27889549997354,20.046953155744188,0
79.3720043699453,86.10954428506133,39.09204110550221,0
67.34116926508102,74.87370015171973,21.53406144326302,0
74.91808750558832,78.87544856563419,27.728216610011657,0
103.04922773250584,90.34412447905848,21.78574101043315,1
51.00754420408291,55.99183189319091,38.113863588481635,0
58.12508483548414,109.74337412397193,40.5976974047782,0
53.22018494152269,108.23552135027482,23.434629141977155,0
52.85101616232791,85.52279804428558,31.515166491349383,0
109.8822408807705,53.96797156504016,33.68709526866626,0
99.25605015660166,87.61597697019039,31.071590652827496,0
83.19216803611276,45.05388862854231,23.63075001455579,0
56.848391245570106,42.145675154406426,32.56843370562426,0
84.41311125817826,58.03780219578496,42.535341434252544,0
83.1430239546396,72.38360697175214,22.130229935997665,0
62.124130893701064,100.77907537858664,22.405400422457102,0
80.36961544665812,90.90183488364156,30.643138755079526,0
77.89533140781614,91.98945648399868,48.25177134856775,0
93.10950686365516,69.78453341136527,40.05717940168742,0
94.45655556073507,64.21544947828741,40.36009870017695,0
53.17128068404312,65.97271340892219,30.857599725135948,0
76.22288302385299,109.13546946152405,37.80982373625615,0
93.81019409999655,42.80764339887377,20.3039355208323,0
85.21953810060614,100.6922047285714,39.08288139228627,0
109.95428888318256,80.50727860006754,47.3986084272871,0
96.10855421332616,70.70307934327133,38.377204050344574,0
61.405409895700075,90.76803622905956,46.210957803990354,0
54.93981231803009,74.0668258997292,41.71919166398281,0
94.96934947444208,101.13962666571624,23.616752492110706,0
51.85579173791353,103.0491304807881,47.073599218575254,0
91.00429068914244,69.52046488114188,21.993315330673248,0
115.81611689974703,59.37794580645361,36.019024176432914,0
90.28319245131152,81.46452300153535,24.26411371380373,0
77.17189483445654,103.86543419316837,20.35119832192712,0
95.03017529096472,54.746353230396664,32.66102780382917,0
82.07770233440615,83.60766084944379,28.851221229624688,0
88.19317525211545,84.20921540647643,34.58001481392809,0
115.90253661435676,91.31791156906968,37.31599660203652,1
77.0271846460542,49.209737958908185,21.312172169268422,0
117.283339467674,90.1077475277462,23.69009885371237,1
113.37454493692447,103.63227644659487,36.75927189351276,1
63.70537943525075,52.57781762091694,30.295020595179746,0
54.85529106126158,56.62803274467144,41.87520462648344,0
57.05446009641987,107.99765658291477,39.56874945775819,0
51.27552779560848,52.66838668966429,45.368130889697206,0
56.61100725291499,99.80695653587054,40.77478480007676,0
97.81047413914499,74.45944995136244,32.897932321704445,0
54.98320539221603,57.30617520822239,40.18899867183298,0
72.3282941205633,100.9524930890758,28.261435227662556,0
109.14127176786181,71.17136785018658,29.18940496334638,0
51.62903550150781,76.03721477507831,43.6695547976238,0
107.0127937812255,65.1463358579836,33.392585492047466,0
69.729834234138,81.50655960044492,43.951410215550574,0
58.27153793351594,51.446671080951596,44.67267121004835,0
98.77160157549054,67.37570756562324,45.72687012983852,0
94.02599927459188,107.85886256347013,47.49905707523622,0
111.4230409468937,58.06934028907892,32.92955661539889,0
101.454973066272,85.97156651789045,29.566004549634165,0
106.24366512693939,62.76330449572864,37.46596239782342,0
69.74242007999146,94.14311879806205,31.135172703128827,0
62.4207680645806,49.16115625028449,38.03222500400699,0
102.54303261486008,107.88747315549813,41.16757587931474,1
106.47843174870849,71.76526789685475,40.652150554764106,0
119.33535994004713,56.52353243425247,31.23658661060364,0
78.88323738379985,45.14477231310089,25.005806050962583,0
76.04126600549482,51.88305335612785,32.915880153866226,0
104.34890725193978,76.38417639892123,24.277824322457263,0
73.85624781771125,63.59022235019004,46.70291105551425,0
115.15301279224953,98.02183561178266,30.376323822135724,1
110.08889262901083,70.16212665632642,24.633792416699713,0
80.02958191625129,57.40999908113409,20.763432797172527,0
102.56097474540482,83.2001490622821,39.37467158859452,0
102.81800118592776,89.47440518198121,39.107069523642295,0
57.218670818515285,51.69293355306649,30.21812499743875,0
113.17870346756968,51.73334514018224,22.15135666542953,0
85.36766607135,42.56699988534801,32.28886684685696,0
107.85202262754191,91.54814105459484,29.336524851901807,1
72.40347207214282,86.46631693352636,40.31361919205028,0
112.68662599473403,73.22416130248698,38.17337748358071,0
77.24411751139142,99.0919314278438,30.9378118459262,0
50.75863560362089,96.39691070650372,26.5367766276497,0
113.37673834934846,80.97480550777266,49.64107898466776,0
56.390067375029346,100.7789896359281,33.62004863588345,0
72.35195463132904,54.40888470257378,40.648227073407114,0
116.50433769355635,47.83437335784095,24.21658902735082,0
116.54250028562893,58.88247280618927,34.56769098978194,0
90.14065216863003,43.99607992625204,20.826101596083966,0
94.22860485188595,77.18186696007224,35.1636535373135,0
81.39118653848239,105.5623984606473,48.92052221353107,0
70.52475401886451,42.75404784679567,31.526201389574005,0
73.00651817589412,48.54769398070188,21.16988037724735,0
97.0762919253927,71.65393197984046,20.928673727580307,0
102.66621706063759,105.37125122695335,31.639602798406084,1
105.4105330608094,62.13092734837254,24.80074809389582,0
105.27326999561878,75.50643660818747,20.70056288984558,0
56.38442721340833,42.91010013352745,42.68640841850531,0
84.6094213291807,50.38402406734622,33.755690266456725,0
54.0291132011651,109.06410860711928,28.677343159179635,0
88.46702176266149,107.55830875052318,47.002495490494425,0
80.90713509613639,40.34579866540867,23.484168806015767,0
112.13929279308098,106.62682497962673,48.67756486865957,1
74.5640508786455,84.73839564708503,29.419001521320585,0
58.19469114993241,100.75428061640154,46.65211016926044,0
60.009417743698506,71.83178989437013,38.08828629438385,0
103.30574422022306,76.09172200054752,44.80122079224462,0
93.27526443213827,74.21926061798442,49.52039489631393,0
57.07858732859532,86.6804980282273,28.65216313456237,0
55.88747642804982,49.7755878329419,48.83406456222779,0
99.0678392021384,42.098151291087454,31.68445684707261,0
55.09341044549355,61.55509591138336,31.565357142107672,0
107.53020415032493,89.32765339156526,30.21161312763517,0
99.43695590095473,54.129741648606384,36.242228220427556,0
55.69441464493298,87.14027033274421,24.624351295354614,0
55.938639985963434,107.89384322750892,36.611344560740335,0
119.06477049508229,46.573050105259284,36.25114437230012,0
76.19895570292843,87.08214827575884,42.8570543781461,0
75.94495029468237,71.06251535131997,45.00949885812757,0
106.89596970802518,100.76995780642537,33.213240509372724,1
116.30740041687011,52.400485261317016,29.069997480544814,0
119.02007446760096,88.48381665583152,27.780046919512834,0
102.73647296812592,98.66807027536771,25.838715101146157,1
76.3381709871641,106.12299536318163,21.729427465970748,0
55.845050168906816,87.82736198027521,30.273439365041398,0
104.40028411492057,74.8022334805899,28.107430763923496,0
89.08829748150634,83.24930681408497,48.99252157599222,0
79.69554064728834,100.82334891351027,36.73126478750132,0
113.44480695663151,79.94268226471809,30.418311170915224,0
57.7838237614306,42.12709417877858,37.41402802981088,0
84.48375730036014,105.16640868548845,24.175901040370867,0
50.794755133719335,88.26687257220928,33.32131247606608,0
82.80624493958884,87.35593700440725,38.787029642631914,0
53.94122929772861,55.0972606678402,34.66693495377354,0
58.31725413876504,86.121982916286,32.053364019629726,0
58.22683727439734,67.5705083957911,49.815451666990946,0
95.44472114812444,85.58630839290444,46.409442864467806,0
102.22314154857963,47.46151212155935,38.702178744783204,0
90.83581355680117,86.04917132221252,37.08132083546848,0
117.35207839321794,109.95896080394665,38.61981439473752,1
76.24094056665928,43.374842720238924,26.039363234672997,0
69.99984603973024,108.4021928954922,31.85413229792956,0
110.80193897326222,68.48355725060094,21.18378598672698,0
65.65170869636168,100.95274152360814,34.2663811246048,0
117.4255777608428,94.76698388407914,36.2907375187299,1
50.850813228287144,79.69113826906676,26.832492083096287,0
117.89151786953474,91.69144464759285,48.92086541496541,1
53.02119383654033,101.49608929109435,47.28363832811726,0
112.38001795886498,68.28982251557231,41.664297063677175,0
86.93907763604099,62.892321309426706,36.001598862960876,0
119.50753572835103,86.73153698945093,46.099074789430546,0
55.16575953147792,96.5492159358881,23.919570314703886,0
88.76979990809245,93.3599594343631,43.71529382824655,0
117.85117749333693,95.84695542010442,23.744624419005447,1
86.61684909191041,70.49083203690532,43.82631987648216,0
94.05790466946837,97.24839513225152,28.273027047540708,0
98.7024082289232,48.41463387594259,46.31271743054567,0
81.81787453374412,78.11423685725947,48.32126281476194,0
93.92906560588443,40.40310623486851,24.46387908215347,0
90.90200183461701,62.72100809301892,33.88026815196181,0
113.08106073436923,65.65230744099784,49.42962134488055,0
53.18124662390205,67.73208841264787,34.502223079194394,0
69.66742327145613,88.68270446829035,45.90642567543635,0
116.52880388535911,67.19906708892421,37.66194566393959,0
112.31846487236413,71.40855358357715,31.259897237588056,0
81.8959726949999,56.62808916120292,28.573506665776108,0
93.40928184610758,66.12762541405381,26.096692732582618,0
69.41668280867928,55.9088739084206,42.85394574133092,0
63.16848118066329,45.123714663791056,31.596215204690836,0
82.45888834579875,82.24140153669646,35.33826386602254,0
74.7346559618237,86.77489589885113,34.769764400035456,0
90.85592782956104,83.36432422067301,37.31837087699394,0
55.44142458754894,72.44458306604007,45.96731436873657,0
118.20763653663165,66.58500461254609,49.422180307502884,0
119.0347521135722,100.43335547002776,32.22752625721451,1
98.87131998138216,76.33572495953527,44.82556766318909,0
87.52674564408844,73.54273143408116,42.93583383964153,0
71.66693314004294,41.7949446064505,37.205868543667194,0
106.96565137948642,63.887347933830945,48.68141430835799,0
97.93118207877154,66.61369331501,26.01423546585208,0
61.38318575414239,67.91759466278303,23.27792630928864,0
113.76490291456898,80.61206584591326,45.61885900866267,0
107.57760700462183,77.3521782708815,33.17449449901245,0
116.48599393043469,82.55335649554112,45.40906562621181,0
100.8003655871852,93.54182830794898,46.79270615586245,1
92.93906371550528,96.90900171012655,21.87372780857214,0
79.27701254034332,90.2686153358546,46.50394288958182,0
115.29099383478093,106.88665871684543,33.449571661082665,1
110.62447226502859,41.276280787345314,35.31297467012696,0
53.16530690743326,53.70445899784823,38.797775332796306,0
51.84568821480764,40.529401248469945,47.791478201902606,0
76.35243568146348,85.32322999082221,20.57348283289292,0
106.7387331547283,102.86213842649909,34.30530404953451,1
119.1093290520461,57.043760760340945,40.631661272916816,0
60.52918237724697,104.89241813574147,41.68120873094685,0
91.58915007464947,44.21871732026926,40.77597294611324,0
76.66235996417151,105.410521876386,24.033053882243657,0
117.89400784702222,64.61358810677442,28.981867651150438,0
108.9483246194996,47.099457991445156,30.761465762510404,0
108.68300932977965,74.01102314304279,44.13311623038515,0
82.80852118564792,57.97435974043556,28.36279617243659,0
79.03736516363657,59.94110313733459,26.321148916016096,0
69.13849503514943,61.51029754484006,48.72344057114289,0
53.9462847655649,96.21181284828644,20.265898553404067,0
110.53056633785373,77.74128936726781,49.93462567045935,0
106.90307063910544,61.791538940920255,40.304638965721864,0
119.98023713002914,82.72336483176429,44.854078983473514,0
119.76457859517338,90.13054719562355,28.838581890385797,1
88.88021939218392,59.083680051347365,20.429458330011798,0
103.82911906263573,68.9484371067746,42.1360855568459,0
116.13360109176996,48.53202653358633,45.02433791002027,0
109.47531734741881,52.68045446742762,42.21428395860558,0
67.31436712202384,87.6782497775488,24.28550861902516,0
81.53808947170654,52.70068433869389,42.60283766770907,0
59.04115906060465,76.76143685669422,43.06768346322923,0
116.78357190811056,89.63323832057029,39.75621547010165,0
92.4322244115616,47.48138461663207,42.98347798386759,0
66.00499638524239,79.71185537402326,45.377643190331966,0
97.01904790840997,57.95939485909547,38.408123427123755,0
93.26897683205272,107.40488126663058,22.65814141909037,0
75.07139026229883,73.84819527039474,34.62883429001633,0
57.94903145397403,96.41947848426108,22.32948004014815,0
97.01012369149598,78.51585795093833,32.22629093097292,0
86.42153906326553,43.03887729983734,32.213194673768825,0
104.06228742149474,84.32059629158157,21.980295324207248,0
86.41144507783955,106.598233954466,30.46461601908438,0
109.65270502229781,82.11282741024318,23.329942963739445,0
88.633478714214,97.34322015987532,44.24705630027667,0
89.26565800747704,101.89445243438854,48.43064077893412,0
111.36575218608415,55.96558403642527,22.169494257738158,0
78.2438006348678,54.84313879357586,48.653456218751046,0
59.38106599154485,82.76866921956942,35.67729798010235,0
52.014787341933726,68.77199288646933,28.986970338616217,0
102.85960789715332,98.79029120067042,22.305862258284904,1
93.42166859474253,103.00161863786079,35.018728042112535,0
99.28558376694565,64.73949655119027,43.83546633472246,0
64.90749130562375,56.58093912821374,41.212594318000946,0
59.54600329107389,94.63678606707032,21.506780343919214,0
51.018126596751735,59.23642248836953,22.187055061037107,0
74.54112911646179,97.58300229595748,32.086198478979114,0
91.29423807982431,69.6616777554134,28.858714821438298,0
77.45708315698127,86.72849295040294,26.971529691681436,0
80.62324454166104,46.68747196842677,28.43013496726141,0
113.29110861456239,83.67015272736012,44.10448229890654,0
74.37788269163103,71.62373751160604,47.876841608955615,0
85.97926424118675,81.06259242228319,32.15308083582699,0
104.85571089188002,51.76099454214044,47.18333006397491,0
77.75799476248892,91.58116214609275,29.64487103743646,0
93.54606901595115,100.39579542802599,34.29310959031375,0
110.36545961227216,55.171786006354296,26.78086993447999,0
116.46644365603495,46.70001888641132,39.21428126527532,0
60.295143665032654,41.65470102324355,49.36943345524426,0
114.86113376130461,84.93800503102862,38.104792881301364,0
84.44814051556767,82.49658252621465,30.734422523406465,0
68.07710718092709,78.2688188899849,39.434523379715856,0
82.1395029366783,56.236296728118276,23.687620353961627,0
118.6022802699834,67.36341971338602,46.65977240796196,0
84.48326657950088,81.61334346303212,35.09251852339509,0
73.01261272012557,74.77368012014185,33.48049226118926,0
94.3380598021708,109.14498641504211,37.57594365360558,0
66.81019331447351,49.550782678971316,38.74351588368207,0
55.310432967606474,88.66011878333157,22.15327418679539,0
59.02158053374545,68.30231376730045,40.47851663670207,0
58.96320872704407,69.97397304479304,27.257950409465888,0
60.633188545860605,90.23184359607234,41.41857897519769,0
59.71790208545871,88.47053059270587,44.6760438315259,0
94.86123213622503,109.38791955915318,44.11875522657561,0
62.731605907940136,48.98760026178877,36.57502902223668,0
74.19670983267042,47.28767545689164,35.605096769322536,0
112.77518869342083,90.70371719901189,24.28627884018235,1
83.17731481840107,80.48708419044863,43.26038451209406,0
96.72904169647191,59.19124665918641,28.14228141340143,0
62.06239098411409,45.55935582922906,34.900862684538396,0
63.46023131660695,45.99607747175014,28.528222787825502,0
52.86080313865352,102.59336122648827,24.014850889990793,0
61.82545441505152,53.430712730312,38.88673090675209,0
69.5013237322371,62.63600934808645,21.629961044687114,0
62.39073389937228,55.86594815588916,42.459357023786,0
56.20917736299389,64.84974140823562,29.527603857833498,0
58.44451097704206,44.85966899222654,20.00404079013456,0
82.2545137622908,76.33418536357892,35.3338741771169,0
64.44336028840547,44.73287945145504,21.405557255828093,0
75.49889027336528,96.02495554756531,28.285086734626987,0
85.23920895983998,56.35984573373031,41.20929462367148,0
98.32763800405557,77.80083402231574,21.880688648655976,0
52.751849788876925,101.60553612930208,45.18015477068007,0
105.95872792363298,85.56141583330358,20.114597679757495,0
93.95302726436354,77.30704505859347,27.404716076057067,0
55.72313223642104,62.70336271807629,42.22712168456214,0
111.15050368747441,63.31013391407386,29.488104491879206,0
114.46106803722692,86.86408686387331,23.056771641980404,0
54.275457189840466,109.58975528548173,30.80701756401284,0
69.38143537030426,86.3287432894565,28.111798591535766,0
106.4340895855143,79.04483921590175,45.281357064816646,0
102.37817832685609,91.14553571674722,29.400437527554296,1
62.91647135494641,72.56439285986028,43.66797415328021,0
64.65445263356972,44.209963982054965,46.756164344322045,0
75.93304719539674,79.36077711145369,33.014522587295886,0
83.91660896337149,107.03376991537661,47.298294315631765,0
93.27783400712072,52.271205965036174,31.319541618895784,0
75.82395476988407,88.3003423574466,48.92235249470325,0
82.37743012932035,54.06535820613395,22.67868573576719,0
102.32296566936296,77.50793791311568,40.61057799509729,0
52.56782420234185,46.767351475270374,34.81442121370786,0
67.67058610408145,71.52596553807297,31.62946416366941,0
99.93447101191867,92.93143302266722,38.98135636245803,1
112.66447863810396,64.33000669672874,41.11571274902994,0
85.81742094809663,86.54382071410527,20.130898089509273,0
87.24794396857209,95.68149725528104,25.00859266241596,0
57.502040793784325,104.90244736356169,41.391381519029565,0
81.31886567764182,56.42494572988175,39.991562407346194,0
87.28320865185162,67.95211410665158,48.981425153860314,0
66.97293525443108,50.66912093312922,42.83113370752349,0
68.84702616645667,109.47384515108627,48.52318123194014,0
76.40989141732359,104.89006775470067,41.07621504604421,0
51.40498384444085,77.79699911963917,28.941566259183297,0
72.54554159082248,98.94233060634949,23.160947667525694,0
64.80136048975812,76.46705840904295,43.45471590034806,0
72.92481465245402,83.65099816019318,39.32447664427748,0
58.38334922734759,46.238710248121166,21.445580371798886,0
112.33690965179264,92.86892943477656,30.80151397702935,1
91.5514717487834,48.939943854466435,48.703994464528584,0
97.53716234011426,97.824734117677,35.01203437130604,1
105.24198670251369,94.741966136927,32.98187408059114,1
84.89095392503401,89.61212884200836,33.73098815477882,0
56.084420166119656,42.53122663673335,26.26648172015491,0
87.59745792729834,61.218984916173,31.061215125943857,0
91.07887826146154,58.417879893759,31.094397679615298,0
102.1807631929031,65.20954852300633,21.570650605624174,0
80.21616823607755,46.1349922734687,43.02702885553755,0
58.93062119568946,105.5870476121744,32.49513295711637,0
69.8643134059107,78.76615684986635,44.6653966044927,0
75.41576074790446,61.38670174606165,45.510440033596865,0
95.2142068932121,67.78870619519984,26.359821640959744,0
89.95448132682384,71.30417783533849,39.72060446510386,0
74.92677081284924,82.04160333524321,34.16845412488945,0
119.05606741550858,76.09755993875484,46.40470213764455,0
92.4042373549821,104.35743812500921,26.472220375293624,0
66.60587542151961,74.78744380340811,40.33439600930133,0
57.12477308342826,109.45106103763189,38.23256366758167,0
60.70013974290324,99.59974704215671,28.859044327154983,0
67.21704098691558,54.59573600501351,24.098027109535177,0
61.2476961281689,105.14166502507413,39.549192814318296,0
63.0596916835914,48.14564785198333,42.15792374396992,0
69.9566618085693,97.22147959438341,29.468820312900498,0
62.13615167063284,66.6436305433606,39.34497812066941,0
112.77357972384976,101.45820243115486,31.8539272283451,1
55.61636219631495,100.76396830752152,41.396206498478534,0
86.71579726991783,96.41477800823348,25.976458246821593,0
78.72777788927631,95.3021305414943,46.70645007908523,0
118.76650318360245,61.32753973686285,28.622287893967393,0
57.842723151763664,45.66434981358765,31.033579632684585,0
77.84989193320192,68.2086125135613,21.742758562410494,0
117.86293032927583,52.146716049055605,23.345366369638292,0
110.58549881257862,88.64657622317232,35.475857081369846,0
107.19504496644959,64.22698085764499,28.027780301839144,0
68.05319789314579,108.29271406019404,45.064406772265826,0
61.96213111730461,84.86804541417324,20.440801659648614,0
96.80502539471017,97.57363945440527,31.372821460158086,1
115.05631923893101,49.27672709192939,30.12036640307278,0
88.97340251097509,100.34101375908358,20.57982892752803,0
90.01288826289299,104.59300333593761,23.731051970015308,0
69.5985365562199,74.09433431732552,32.40928024755906,0
103.86450532343558,82.43770564256842,34.7859375334234,0
63.093062399026635,93.53668606320969,32.12869241764607,0
72.65754654829706,52.23870390822888,35.928130352362814,0
79.78055070314917,75.17962535244098,37.853950247170445,0
85.53272650791186,67.90641194406192,20.29771463383507,0
66.96868126905562,50.246179451357435,33.92285478360512,0
58.03857773174425,65.7274095604072,48.90497722662765,0
92.74340297091427,44.77206165698455,35.57096840388646,0
70.2041387268179,41.806833486464086,40.32626802376859,0
90.68667549958286,49.461640240837596,29.355915737506496,0
60.80539006919416,107.41805781124216,43.21974134458287,0
83.67980712983723,78.46706751265118,43.18764445628345,0
87.281260278611,107.6075512807254,35.63888142962417,0
53.62764757756988,70.27485148310925,49.280414698376404,0
73.56229947357444,61.82712931596817,23.766506442879603,0
59.409027385728194,75.42993039881708,20.50842994668743,0
54.43624793309374,70.76581820430371,43.10474635271288,0
119.29721626729616,47.39652789832208,44.214666120946475,0
72.56476914823061,84.85784202831444,23.60621687361729,0
106.69121120982444,55.12267277567197,27.96748498875818,0
67.82484583346347,83.37115684284808,20.526570900998866,0
97.70519055567505,85.51407646787074,28.799258323416943,0
103.21595019227806,50.64173971900537,43.194256217560145,0
91.6947118425491,44.29447389774677,35.53881583137737,0
83.01033319851109,94.65331102479078,30.44286779504864,0
78.8288639903088,72.18602966385241,31.15217884718991,0
74.42077865800967,44.0714656853833,20.040608771464044,0
115.06704009734781,109.6406422018837,28.994015826957074,1
108.14335854514104,44.044639269745666,39.393762249137914,0
117.55188374665588,88.65246602009873,49.225833314490714,0
58.70080564398813,108.85752476843895,45.411824809516986,0
101.1607232642551,56.742607295114794,20.707848939365874,0
115.68383197747265,49.95745580810373,46.956818140245176,0
62.68631463159621,48.496945759570025,43.49595239895878,0
54.654738715674426,61.22926032973169,43.411283707129414,0
101.87844545030413,47.073206770745266,33.73987277010714,0
90.21311792259382,88.45129391858924,31.940158788635085,0
108.92801437307904,44.36042586910439,29.087471864995777,0
59.78406636384027,75.65954897048528,21.970845768630973,0
105.66871183019231,109.76877976970837,26.847060904810974,1
64.11391240334211,96.97791886542132,27.39810904934074,0
61.455916000599316,83.06536067617077,34.52231209130605,0
61.49860585516951,61.43775345506282,42.42333219790082,0
107.02023041619674,83.6727085404147,34.2142948519384,0
96.563805448734,76.89290247381561,21.73533348341482,0
86.61457973383835,69.82583687232601,48.73369402964612,0
75.11813388864518,49.14972637181396,48.281729572823366,0
111.40403785691758,102.06229506683266,43.55568629445225,1
77.47115751958448,71.48492541749258,49.73983704692662,0
107.1619607630104,53.62357582745356,36.33446998400789,0
80.73944359991529,65.74315456141028,48.88305050759618,0
76.38611005974353,68.9890826770249,22.268151218502524,0
82.38758499687245,97.9276526896812,30.970422447841138,0
71.09645119148995,91.35300663929814,26.761438040202975,0
102.33265661233759,93.85134255489379,25.8749925240281,1
85.19042730647354,40.77218851000531,24.22408846678028,0
66.2548886602772,69.1307798725833,38.672409246979896,0
112.9702201292198,73.69409061447266,43.43965567241915,0
76.87238549612479,41.34345937761397,37.34895198261082,0
88.04870027797921,58.186924612152396,24.408881287646288,0
113.45304776751829,93.22028761854945,44.333713098004125,1
93.69665971397944,49.597679401029936,39.078641214911855,0
58.18286284958548,77.47170920168142,31.644971183809865,0
115.78824865294325,55.06413104120662,40.223908866081885,0
93.93956371499925,40.84845422507253,27.797149377284985,0
73.44339302599603,56.8841020319679,30.355766254826314,0
59.74904508643711,108.31116284370377,47.52457529395971,0
105.58176324892071,96.10759783180927,28.71513517014261,1
93.40509291499595,107.17036510247233,34.099648044738096,0
87.34227643834251,74.14978307484537,46.70423412188044,0
112.57248081356704,47.68153390742525,41.23164050802582,0
105.20180478571714,78.35716422815851,21.86609678494108,0
60.61724158129258,71.80641341919727,24.41909132836911,0
71.82054474568838,99.10499579177312,20.235247723157503,0
67.3942397870126,46.86578065489712,38.92765370687491,0
102.07624048008739,74.17687959152448,33.43020276231255,0
52.347270431504555,50.5034065285789,24.028245527068265,0
89.89227794099216,62.7273148823042,48.738023631703115,0
103.37210800184835,91.61499541714598,35.8897917183686,1
111.37359457332246,73.32126905581366,27.256798823386674,0
73.94572241011352,66.31217996020385,35.01810713464123,0
107.48801132704091,67.61333949990248,40.38860998205323,0
57.744221586864505,72.16127378841907,22.287176539206936,0
109.25166042141628,94.95115806859398,28.241114451436758,1
58.92420636323877,102.4459282258164,44.20896472651981,0
77.8101103392257,106.87342805527499,33.78994611207984,0
105.81067560456876,95.08323703787066,36.39731426096885,1
60.49421991441417,62.07848270236089,32.98448006628408,0
66.0475976662849,88.16942942605795,21.316998279290154,0
100.55767978751464,70.63221868387743,24.972493394604676,0
100.4025575582252,57.82694354322358,33.36624916225673,0
94.8803343019708,98.86101055981459,26.275563962237833,0
98.576391112697,42.68984442736275,21.49937085979036,0
87.99071103433172,103.12333944947964,45.309489921554714,0
67.6259341234867,72.3034225237314,49.43577587492348,0
74.19871954527436,84.60410337657963,43.79428621990218,0
62.7118401760998,86.15477455440478,45.61354765114001,0
113.59153929335397,102.65824184945754,27.259313909511363,1
90.83742563362844,84.56687775170451,48.81880926539599,0
78.05959917345479,82.97535093320433,25.90777113360285,0
82.34040625508928,44.6656428392483,48.54289431085497,0
116.30983377282708,76.28856153616428,49.84457881897853,0
60.73459821812561,50.51183005719292,41.35168417238146,0
91.0360882411758,91.62036381050399,49.43431195375466,0
85.41220752191262,75.85553445688721,37.08619338701311,0
92.80179648042534,87.61594454458474,27.78625349528271,0
51.26771286745883,42.9171030421669,33.10987656996863,0
111.0486736260906,45.935441123206225,37.806828061363575,0
115.24827977385287,90.14263716438776,22.19244686081045,1
89.55932285124462,45.045903519907135,38.67029793851738,0
98.76555767138245,44.9879709435681,49.435335102868834,0
114.5749566824107,40.84759326644212,25.703229493511827,0
99.5067044019379,106.9550978809636,43.7778534886515,1
60.6777330039983,91.62558516213048,47.236963813388584,0
90.34018521167692,64.72759859514449,48.31104778460663,0
92.47005324679992,60.75749069013587,48.804068132163415,0
79.68914699116702,64.47922608220946,35.64378916164416,0
101.5510964937306,94.22574718268274,49.31923723974511,1
115.40569103383103,86.29594277492902,42.71930621403317,0
114.78979590347434,52.96368975072276,24.850143087108858,0
81.55875599828924,52.18765347338591,34.3070031940391,0
57.926663208852865,46.88769547993781,41.549935261160115,0
118.93888392736342,86.22119037909367,27.420209474572502,0
108.72286605121539,93.50608635552152,39.218455506466626,1
58.72638768422868,58.55324998275028,39.998014371398575,0
114.45893178321606,41.466147272163894,24.88099231425698,0
110.89274534434898,45.75201672334991,36.95255937358269,0
86.31866399882504,107.75020243915213,43.148807329358235,0
91.38928050214506,60.68113442341942,34.966869936078254,0
77.93018927090912,93.84562034866934,20.363093503283224,0
53.833314717542194,83.72644981979846,20.271154072378764,0
73.46380691521307,66.73577477570271,30.710880319100365,0
106.19974140186079,54.398108353688855,47.78582205295346,0
50.3242416103222,48.497049271158446,26.860303388108264,0
73.3449420183801,83.05090776272067,39.03091066615062,0
77.87180855136603,94.22436464464516,26.662276120799618,0
87.6176922056546,85.07329774787914,29.650099689786458,0
114.38989314889324,77.12114932744109,45.44126268804452,0
74.24421960561729,42.93658564021454,41.8658432680984,0
74.28672413273594,107.79421443160686,22.861978319396318,0
101.62508736768238,95.90999341582022,32.86106062959301,1
81.65525586228651,60.497542569067534,20.875092909357935,0
65.72233760579874,108.59792305511955,34.426704398090266,0
81.67076612928854,82.13171127454254,39.87302035103204,0
59.85999142658599,80.76958607450726,23.555078707944546,0
62.34708905543563,92.36512256006725,28.666548167274968,0
84.88574409176358,96.82388516630962,31.93509876506471,0
79.32478146531835,85.9535025132052,47.585930739681494,0
114.039213074767,48.966702245634,49.79765046268892,0
75.36757293816432,63.67872541961489,21.347338969868474,0
90.64118451946304,104.96585482282349,42.83023770486176,0
94.25850015436713,55.723092829069635,31.151721992070296,0
50.91661196118336,66.05169166862593,31.773745586884402,0
96.44761604116974,70.24538180609372,42.62794920041068,0
62.4625176808826,70.75834927861166,47.552792964362254,0
117.27492222286186,82.90577077461678,48.52785783507645,0
60.406390942717906,106.01530864212953,37.31367758114962,0
79.02368866089166,56.84848982827535,30.713634779015084,0
55.974476765505074,48.50509634106427,43.62647257576337,0
119.78119762921631,53.82293429019561,27.530041497869007,0
85.15365072318698,102.08474301464886,36.92222086500553,0
91.67695121240307,85.20675688586442,30.757353845746195,0
54.69535341718992,60.01347524674121,39.69893221123628,0
102.49723292794245,97.11628572780322,27.211967386805206,1
64.69339151669101,100.29589974544052,25.747788372044774,0
112.86380026084996,99.25600370831947,47.54717260026311,1
64.3597748337405,104.32485735476881,23.054110488486106,0
63.34814044645666,57.65687141213531,35.17873723204795,0
52.55847674936664,92.85293501223947,26.625583488890268,0
83.04468615769994,72.2377648091898,21.167898899770023,0
89.53887932838315,98.9398987023043,21.080564548742792,0
54.599604759984665,90.99434740131292,25.25665316317482,0
104.28693316865073,94.35132125498072,46.00311063518001,1
81.73021843236194,85.93132863767501,28.4743623193108,0
86.7073188529306,52.42001386287948,48.513775117258874,0
80.85339228567597,78.15188432278569,37.44866878967581,0
78.05341426127282,108.92688176671557,33.09842569306298,0
89.17482319157526,105.61716465479833,37.40266504008363,0
60.86681721514988,43.02216150579082,35.50095155678803,0
62.73496913466898,51.5370371010606,42.76328761271975,0
110.32499347094621,49.22101414181933,28.474881979185568,0
116.2280823493543,90.81859369897069,30.591511748009072,1
76.13165213958271,97.24497308998616,46.82282907599752,0
68.95212712004877,54.94579564174703,48.393695394512164,0
95.07996802673111,75.40968850662803,46.776746824594234,0
78.61139197686674,98.849211960784,32.583439818719405,0
51.77704489622414,91.29610813363755,43.410965090206446,0
60.93068181563332,77.95660438442938,34.29007199903296,0
100.11805601931783,81.32433833211411,34.926195564383065,0
96.12467593371059,75.58523828413959,26.14040327171852,0
51.89671947524384,60.828391592317445,37.73390909775549,0
65.53805133530646,79.55153950013113,25.58407693260044,0
66.175235761165,88.22197114350635,29.946940972015813,0
97.03249205191099,101.13260411025654,45.65090604859805,1
51.37973764280549,84.54039477854737,26.212274276325658,0
57.28760073892017,93.27850759302106,22.134748555202982,0
105.99412597612326,51.20501444682011,22.07022777838449,0
62.49812634380335,72.30902320938529,48.22353561509324,0
95.69222754963123,40.65321338789653,35.20761313885504,0
66.67279467327086,57.26752051651361,32.28236215451055,0
56.960897493154164,90.85232005791033,44.32635743023755,0
67.02205336996178,109.42669659445544,45.07477783731548,0
100.55868522989614,46.94246697110511,29.96573099346814,0
109.89875276744,68.10460211029017,40.80854172421385,0
108.11539051968941,96.00496780894116,43.1336844755566,1
77.80284707329184,54.28249442402292,39.63952060597863,0
96.76595955994523,78.85594645116004,24.547852244002982,0
64.34890067910747,91.31499072207723,46.27649250551171,0
70.52034111827092,83.11898151821254,36.172836582080265,0
112.74350729647838,53.16173142307913,28.47417279110011,0
50.91013464575152,64.87691980800176,32.75684556313082,0
55.98559715981277,94.8654249139778,21.12713271196722,0
64.55203786022192,78.79585598924116,23.836004036672527,0
51.85725427116738,40.36607294800389,42.96640251547582,0
62.70048045628581,93.26935320196657,20.000349042660986,0
90.81290926787845,42.47179484581673,32.49697485446877,0
79.49971854147486,92.20136479118625,35.675305432567654,0
112.48701977538823,54.173639211566616,21.639032600029168,0
107.22104932169086,107.06514360835662,49.19234488916999,1
73.92721461885131,65.75585259114591,26.78375993749016,0
68.15964034019048,62.88521314366554,29.125961589088426,0
76.57846857170868,50.422163523271124,29.11827536765082,0
91.32064597603654,61.39229508431504,26.912499863520498,0
68.76445485760134,101.36555332797404,20.044214662589344,0
93.69042354943937,109.7434036339073,41.88034382263989,0
78.65881565338682,65.78166713547938,49.00536499397856,0
88.64330265963861,71.40274416681798,26.72880449855135,0
80.52885703947217,90.54496567419159,39.891415754102674,0
70.61260316793424,102.03370463255521,42.25688980876146,0
116.39173148735097,81.51310339307489,45.45276137271574,0
103.45240559118326,67.40679887244805,32.67887591040827,0
59.80792230365168,68.88352885940367,29.087927169212875,0
110.79275831285389,88.69327025477648,29.758854020690933,0
84.12018387746596,40.225278452299506,41.378639992955385,0
112.61865588258641,83.37125362218885,44.50338399516908,0
105.98986791631206,64.88451073089502,25.44841903269808,0
79.76494531284634,95.59381318939589,31.128230244732954,0
51.57285158240822,46.50934478761925,47.0582059024745,0
68.80741515694623,81.17415868638733,44.20080559084218,0
87.91439502626068,73.66810229202866,49.54575208287427,0
94.34347538783031,84.96278681336591,42.627447790462426,0
68.05213798032416,44.53975161380778,31.79585603083767,0
59.75492518509769,80.59886511996919,37.71913501983913,0
108.44511657595095,79.30392115716666,39.83042762741961,0
118.90815264924865,79.24620660913197,22.35367448951372,0
86.79831276118801,82.24413666175184,36.334908773115956,0
62.017550009381246,87.35275560584535,41.27962485417829,0
69.06151285635582,96.34922997765389,25.019639120031812,0
51.28734735832267,58.887450408975,43.41895152276672,0
114.00091645923493,97.75345871260434,37.51318341542335,1
58.24257580230988,74.87789775844175,48.56665357092784,0
90.35615328599775,45.39407953940318,21.27266894620675,0
69.18386544810443,44.098565047078544,27.959784126664008,0
88.79246017610554,63.39668230872425,38.04661637899472,0
95.59942718463049,94.94278839780273,28.89679736617792,1
108.08192625950412,89.5376654318641,41.43272492213727,0
64.44948902324222,95.20304752706845,42.77015847565793,0
50.76970800609363,76.20883395091266,23.075478921994232,0
59.58199410481651,70.81392985688434,35.41563392620303,0
113.00130492936736,50.32167686943988,35.26671666773168,0
111.17230542937607,62.97349275265181,31.078423106466232,0
91.81891715192158,70.38135563217126,47.98774587709016,0
92.03618023035574,46.202030077573205,44.82518959619664,0
96.55256721823788,55.442836689784784,40.9162814572891,0
62.27598950364147,81.87577058446172,41.42979907204993,0
114.00883621474719,91.49641799674329,33.85148431439357,1
79.31393674244512,109.88432579750648,47.629835632897276,0
76.81969697746482,105.31793319404903,40.83786281759856,0
86.32423936979862,84.9795639674634,41.8694318496745,0
53.28761767425385,69.48736373058505,45.85072711362036,0
61.639835812925554,84.5324155295763,28.222147680265728,0
101.66235314984593,94.99561326561624,44.212127116001085,1
55.79590675475885,48.28353336463711,25.85721808869476,0
92.22064766264717,68.69334227874018,30.360258567346634,0
67.17443767769247,98.7861599944932,30.068313628095282,0
77.25069298293836,66.86830663531308,49.355764051674214,0
70.208561573949,80.03105898590306,45.69611671243781,0
74.89709015254644,81.14385526035387,41.035095847707794,0
100.33321336289718,52.91333771935476,41.81170284846171,0
70.79852009362224,65.35648091566019,36.862183832077136,0
89.6483248207828,63.415790211935246,48.41272001325557,0
83.32352815393698,41.83376959724453,34.88776258647084,0
96.45698157538537,41.69342347239487,31.415531296096837,0
115.57808175273306,98.21879305730414,24.89106010794773,1
101.28004680471753,59.11495669809687,43.58616956783174,0
65.04582650135298,76.26551363671709,42.033317962267745,0
52.18281945428993,60.910790151214115,31.530651155724044,0
68.35848310098775,105.84754715807384,20.75580241877688,0
91.65545514901784,58.150773120604164,45.16991983154033,0
53.599806943897526,70.07597689172546,20.34253950362221,0
84.74563730408654,101.09111753392213,41.11099338887153,0
91.77899942418225,98.93534967542661,49.10771329178171,0
73.39707235718726,53.02709924923941,33.1298398444461,0
103.96385426220753,96.18503168569973,27.04920214987858,1
57.461877719364026,72.0730820716525,41.146130301301454,0
55.25964472150661,73.80782104597486,44.51384426046755,0
100.97321293425223,49.34359806911606,36.39290948233542,0
84.68439213443389,45.64210596299873,49.01105825768438,0
98.18816774994153,90.95575148816357,21.550061649738833,1
80.43791370226224,74.75228066487098,35.143867949135846,0
67.24814232673748,70.57954918306257,41.5536184196765,0
107.33716223719398,91.06557600566777,45.87921413447537,1
105.95911152782855,93.58590292937768,25.377668357233702,1
98.62875295980987,51.12357173685475,44.00010445291044,0
69.0501596060974,82.71576046343489,36.58121227155635,0
91.3161466808361,49.474785759437985,31.8966104596989,0
75.26817278580188,92.5962560220332,23.951450857372805,0
56.41074513286439,85.98686093869976,45.95887276726737,0
114.211950282357,106.96302347584206,24.71819624539146,1
59.5773041643273,44.82706114494948,29.29363577627298,0
116.51661476745618,43.9938304805878,28.701365958873104,0
81.22040410705691,59.75309522852401,46.142421025725625,0
